Function Name,ResponseTime,Input Size,Result Size,CacheHit
shasum,20222,12,0,False
face-blur,22166,44,0,False
qrcode-go,23740,12,0,False
business-strategy-generator,25208,13,0,False
face-detect-pigo,25125,44,0,False
shasum,7007,12,0,False
business-strategy-generator,14605,12,0,False
face-detect-pigo,30636,43,0,False
qrcode-go,32484,12,0,False
face-blur,34000,44,0,False
business-strategy-generator,12653,12,0,False
qrcode-go,15576,12,0,False
face-blur,16327,44,0,False
face-detect-pigo,22418,44,0,False
shasum,26158,12,0,False
face-detect-pigo,25,44,0,False
business-strategy-generator,14060,13,0,False
shasum,14878,12,0,False
face-blur,20118,44,0,False
qrcode-go,26015,12,0,False
face-detect-pigo,27985,44,0,False
business-strategy-generator,37175,13,0,False
shasum,51501,12,0,False
face-blur,57032,44,0,False
qrcode-go,57035,11,0,False
face-detect-pigo,12,44,0,False
shasum,9035,12,0,False
business-strategy-generator,20212,13,0,False
qrcode-go,20894,12,0,False
face-blur,20167,44,0,False
qrcode-go,58,12,0,False
face-blur,130,44,0,False
shasum,19713,12,0,False
business-strategy-generator,34341,13,0,False
face-detect-pigo,36045,44,0,False
face-detect-pigo,67,44,0,False
shasum,38,12,0,False
business-strategy-generator,35381,12,0,False
qrcode-go,37943,12,0,False
face-blur,40295,44,0,False
shasum,24348,12,0,False
business-strategy-generator,26221,13,0,False
qrcode-go,41599,12,0,False
face-blur,50298,44,0,False
face-detect-pigo,57080,44,0,False
shasum,74,12,0,False
face-blur,31,44,0,False
face-detect-pigo,30444,43,0,False
qrcode-go,33393,12,0,False
business-strategy-generator,38318,12,0,False
face-detect-pigo,25031,44,0,False
business-strategy-generator,34906,13,0,False
face-blur,55721,44,0,False
shasum,65446,12,0,False
qrcode-go,67254,12,0,False
qrcode-go,33796,12,0,False
face-blur,36898,43,0,False
business-strategy-generator,48987,14,0,False
shasum,51022,12,0,False
face-detect-pigo,68286,44,0,False
shasum,18215,11,0,False
business-strategy-generator,22438,14,0,False
face-detect-pigo,24704,44,0,False
face-blur,28164,44,0,False
qrcode-go,30385,12,0,False
face-blur,24800,44,0,False
business-strategy-generator,28270,14,0,False
face-detect-pigo,33446,44,0,False
qrcode-go,43967,11,0,False
shasum,54498,11,0,False
qrcode-go,10462,11,0,False
face-detect-pigo,42900,43,0,False
shasum,49406,12,0,False
business-strategy-generator,68900,14,0,False
face-blur,70148,44,0,False
face-blur,32418,44,0,False
business-strategy-generator,40859,14,0,False
shasum,43130,12,0,False
face-detect-pigo,58879,43,0,False
qrcode-go,71887,12,0,False
shasum,25301,12,0,False
qrcode-go,26086,12,0,False
business-strategy-generator,29597,14,0,False
face-detect-pigo,33119,43,0,False
face-blur,36940,44,0,False
face-detect-pigo,14439,44,0,False
business-strategy-generator,14763,13,0,False
qrcode-go,34433,12,0,False
face-blur,41712,44,0,False
shasum,48197,12,0,False
face-blur,24135,44,0,False
shasum,29557,11,0,False
business-strategy-generator,41927,14,0,False
qrcode-go,45009,12,0,False
face-detect-pigo,58521,44,0,False
shasum,8991,11,0,False
qrcode-go,25914,12,0,False
business-strategy-generator,59940,14,0,False
face-blur,60784,44,0,False
face-detect-pigo,62057,43,0,False
face-blur,12089,44,0,False
shasum,20703,11,0,False
qrcode-go,21346,12,0,False
face-detect-pigo,25374,43,0,False
business-strategy-generator,28983,14,0,False
face-blur,43356,44,0,False
face-detect-pigo,50707,44,0,False
business-strategy-generator,61569,14,0,False
shasum,70390,12,0,False
qrcode-go,66720,12,0,False
face-detect-pigo,13083,43,0,False
shasum,30717,12,0,False
business-strategy-generator,52464,14,0,False
qrcode-go,56730,12,0,False
face-blur,59789,44,0,False
qrcode-go,8190,12,0,False
business-strategy-generator,8231,14,0,False
face-blur,15599,44,0,False
shasum,26972,12,0,False
face-detect-pigo,31252,44,0,False
qrcode-go,24823,12,0,False
face-detect-pigo,26048,43,0,False
shasum,40036,11,0,False
business-strategy-generator,56732,14,0,False
face-blur,58641,44,0,False
business-strategy-generator,16304,14,0,False
face-blur,21030,44,0,False
shasum,21696,12,0,False
face-detect-pigo,28397,44,0,False
qrcode-go,31846,12,0,False
qrcode-go,10910,12,0,False
face-blur,21833,44,0,False
face-detect-pigo,31765,43,0,False
shasum,43660,11,0,False
business-strategy-generator,52771,14,0,False
business-strategy-generator,21706,13,0,False
face-blur,42231,44,0,False
shasum,43360,12,0,False
face-detect-pigo,55227,43,0,False
qrcode-go,64573,12,0,False
shasum,11625,12,0,False
face-blur,22926,44,0,False
qrcode-go,29349,12,0,False
face-detect-pigo,41880,44,0,False
business-strategy-generator,52300,14,0,False
business-strategy-generator,25708,13,0,False
face-detect-pigo,27025,44,0,False
shasum,48821,12,0,False
face-blur,58379,43,0,False
qrcode-go,66659,12,0,False
shasum,25423,12,0,False
qrcode-go,33408,12,0,False
face-detect-pigo,37226,43,0,False
business-strategy-generator,44619,14,0,False
face-blur,51879,44,0,False
face-blur,40461,43,0,False
business-strategy-generator,80314,14,0,False
qrcode-go,91152,12,0,False
shasum,94168,12,0,False
face-detect-pigo,106349,43,0,False
qrcode-go,20239,11,0,False
business-strategy-generator,33947,14,0,False
shasum,33997,12,0,False
face-detect-pigo,38640,44,0,False
face-blur,46341,44,0,False
qrcode-go,9775,12,0,False
face-blur,15511,44,0,False
face-detect-pigo,16295,44,0,False
business-strategy-generator,16309,14,0,False
shasum,19699,12,0,False
face-blur,35231,44,0,False
business-strategy-generator,53936,14,0,False
shasum,56728,12,0,False
face-detect-pigo,63676,44,0,False
qrcode-go,69768,12,0,False
face-detect-pigo,28859,44,0,False
qrcode-go,37364,12,0,False
face-blur,53447,44,0,False
shasum,64281,12,0,False
business-strategy-generator,65168,14,0,False
shasum,40291,12,0,False
qrcode-go,46045,11,0,False
face-blur,50132,44,0,False
business-strategy-generator,54925,14,0,False
face-detect-pigo,60918,44,0,False
business-strategy-generator,16818,14,0,False
shasum,18050,12,0,False
face-detect-pigo,28101,44,0,False
face-blur,28406,44,0,False
qrcode-go,29431,12,0,False
qrcode-go,11494,12,0,False
business-strategy-generator,12807,14,0,False
face-blur,18875,44,0,False
face-detect-pigo,20549,44,0,False
shasum,22997,12,0,False
face-detect-pigo,11654,44,0,False
face-blur,37076,43,0,False
shasum,65113,12,0,False
qrcode-go,68203,12,0,False
business-strategy-generator,72822,14,0,False
business-strategy-generator,19194,14,0,False
qrcode-go,23590,12,0,False
shasum,40811,12,0,False
face-detect-pigo,37344,44,0,False
face-blur,37344,43,0,False
qrcode-go,11637,12,0,False
business-strategy-generator,12154,14,0,False
face-detect-pigo,14551,44,0,False
shasum,14274,12,0,False
face-blur,14066,44,0,False
qrcode-go,17868,11,0,False
shasum,21320,12,0,False
face-blur,24614,44,0,False
face-detect-pigo,28875,44,0,False
business-strategy-generator,33907,14,0,False
face-detect-pigo,20627,44,0,False
face-blur,20005,44,0,False
shasum,24776,12,0,False
qrcode-go,30393,12,0,False
business-strategy-generator,36588,13,0,False
qrcode-go,10486,11,0,False
shasum,36490,11,0,False
face-blur,45986,44,0,False
face-detect-pigo,50735,44,0,False
business-strategy-generator,59407,14,0,False
shasum,38911,12,0,False
business-strategy-generator,54841,14,0,False
qrcode-go,53005,12,0,False
face-blur,70252,44,0,False
face-detect-pigo,70465,44,0,False
face-detect-pigo,13329,44,0,False
face-blur,17916,44,0,False
qrcode-go,21928,12,0,False
shasum,22393,12,0,False
business-strategy-generator,24425,14,0,False
shasum,7806,12,0,False
face-blur,13497,44,0,False
business-strategy-generator,21061,14,0,False
face-detect-pigo,22036,44,0,False
qrcode-go,23877,12,0,False
face-detect-pigo,36664,43,0,False
qrcode-go,52630,12,0,False
shasum,57824,12,0,False
face-blur,66894,44,0,False
business-strategy-generator,75620,14,0,False
face-detect-pigo,25889,44,0,False
shasum,42954,11,0,False
qrcode-go,46402,12,0,False
face-blur,52606,44,0,False
business-strategy-generator,54834,14,0,False
face-detect-pigo,27504,44,0,False
face-blur,27955,44,0,False
business-strategy-generator,49016,14,0,False
qrcode-go,52503,12,0,False
shasum,61090,12,0,False
face-blur,12055,44,0,False
business-strategy-generator,41022,13,0,False
qrcode-go,37727,12,0,False
face-detect-pigo,56758,44,0,False
shasum,72551,12,0,False
face-blur,22444,44,0,False
qrcode-go,53108,12,0,False
shasum,63904,12,0,False
business-strategy-generator,70080,14,0,False
face-detect-pigo,72532,44,0,False
shasum,12930,12,0,False
business-strategy-generator,14371,14,0,False
face-detect-pigo,16932,44,0,False
face-blur,17352,44,0,False
qrcode-go,29425,12,0,False
face-blur,21294,44,0,False
qrcode-go,41984,12,0,False
face-detect-pigo,42531,44,0,False
shasum,51350,12,0,False
business-strategy-generator,62294,14,0,False
face-blur,34125,44,0,False
qrcode-go,43992,12,0,False
business-strategy-generator,47512,14,0,False
face-detect-pigo,55008,44,0,False
shasum,58697,12,0,False
qrcode-go,33806,12,0,False
business-strategy-generator,35792,14,0,False
face-detect-pigo,46401,44,0,False
face-blur,56039,44,0,False
shasum,65411,11,0,False
qrcode-go,23056,12,0,False
business-strategy-generator,25030,14,0,False
face-detect-pigo,58308,44,0,False
shasum,64915,11,0,False
face-blur,69513,44,0,False
face-blur,9401,44,0,False
face-detect-pigo,13145,44,0,False
qrcode-go,15901,12,0,False
business-strategy-generator,16779,14,0,False
shasum,16484,12,0,False
business-strategy-generator,9097,14,0,False
face-blur,13955,44,0,False
face-detect-pigo,18094,43,0,False
shasum,26372,12,0,False
qrcode-go,28585,12,0,False
business-strategy-generator,55096,14,0,False
face-blur,55853,43,0,False
qrcode-go,63505,11,0,False
shasum,65869,12,0,False
face-detect-pigo,80130,44,0,False
face-blur,49,44,0,False
shasum,23697,12,0,False
qrcode-go,32760,12,0,False
business-strategy-generator,39699,14,0,False
face-detect-pigo,46708,43,0,False
face-blur,43,44,0,False
business-strategy-generator,25293,14,0,False
qrcode-go,27202,12,0,False
face-detect-pigo,42177,44,0,False
shasum,42959,12,0,False
face-blur,127,44,0,False
business-strategy-generator,31172,14,0,False
face-detect-pigo,62405,44,0,False
qrcode-go,68995,12,0,False
shasum,73041,12,0,False
face-detect-pigo,8863,44,0,False
qrcode-go,11130,12,0,False
business-strategy-generator,19850,14,0,False
face-blur,29473,44,0,False
shasum,34263,12,0,False
business-strategy-generator,22939,14,0,False
shasum,25636,11,0,False
face-blur,57745,43,0,False
face-detect-pigo,64808,44,0,False
qrcode-go,64389,11,0,False
face-blur,38,44,0,False
shasum,12337,12,0,False
face-detect-pigo,35198,43,0,False
business-strategy-generator,37536,14,0,False
qrcode-go,48422,12,0,False
face-blur,118,44,0,False
shasum,18684,12,0,False
qrcode-go,25670,12,0,False
business-strategy-generator,28833,13,0,False
face-detect-pigo,48751,44,0,False
shasum,25032,12,0,False
qrcode-go,28649,11,0,False
face-blur,35259,44,0,False
face-detect-pigo,45087,44,0,False
business-strategy-generator,48368,14,0,False
shasum,24712,12,0,False
face-blur,43809,44,0,False
business-strategy-generator,42667,14,0,False
qrcode-go,55537,12,0,False
face-detect-pigo,75955,43,0,False
face-detect-pigo,14985,43,0,False
qrcode-go,15411,12,0,False
business-strategy-generator,22432,14,0,False
shasum,23686,12,0,False
face-blur,28792,44,0,False
qrcode-go,7174,12,0,False
shasum,22039,12,0,False
business-strategy-generator,27015,14,0,False
face-detect-pigo,44239,44,0,False
face-blur,50907,43,0,False
business-strategy-generator,34126,14,0,False
face-detect-pigo,39736,43,0,False
face-blur,42530,44,0,False
shasum,51496,11,0,False
qrcode-go,64348,12,0,False
shasum,11472,12,0,False
business-strategy-generator,11522,14,0,False
qrcode-go,12245,12,0,False
face-blur,14548,44,0,False
face-detect-pigo,15969,44,0,False
shasum,29810,12,0,False
business-strategy-generator,39305,13,0,False
qrcode-go,44300,12,0,False
face-detect-pigo,55924,44,0,False
face-blur,60603,44,0,False
qrcode-go,25601,12,0,False
shasum,27686,12,0,False
face-detect-pigo,50179,43,0,False
business-strategy-generator,55274,14,0,False
face-blur,61552,44,0,False
face-detect-pigo,21932,44,0,False
shasum,26915,12,0,False
face-blur,27017,44,0,False
qrcode-go,50306,12,0,False
business-strategy-generator,51918,14,0,False
face-detect-pigo,11451,43,0,False
shasum,28378,12,0,False
business-strategy-generator,43531,14,0,False
qrcode-go,55334,11,0,False
face-blur,64876,44,0,False
business-strategy-generator,20247,14,0,False
face-blur,29364,44,0,False
qrcode-go,47269,12,0,False
shasum,48450,12,0,False
face-detect-pigo,59214,44,0,False
shasum,22156,12,0,False
qrcode-go,28708,12,0,False
face-detect-pigo,39793,44,0,False
business-strategy-generator,50445,14,0,False
face-blur,72580,44,0,False
face-blur,16346,44,0,False
business-strategy-generator,47468,14,0,False
qrcode-go,48367,12,0,False
shasum,71417,12,0,False
face-detect-pigo,78964,44,0,False
face-detect-pigo,7606,44,0,False
qrcode-go,17764,12,0,False
shasum,19328,12,0,False
face-blur,21293,44,0,False
business-strategy-generator,25350,14,0,False
shasum,17474,12,0,False
business-strategy-generator,25581,13,0,False
face-detect-pigo,30260,44,0,False
face-blur,34357,44,0,False
qrcode-go,40791,11,0,False
face-blur,31787,44,0,False
business-strategy-generator,38711,14,0,False
qrcode-go,47525,12,0,False
shasum,54135,12,0,False
face-detect-pigo,58518,44,0,False
face-blur,30344,44,0,False
qrcode-go,42271,11,0,False
shasum,46033,12,0,False
business-strategy-generator,47916,14,0,False
face-detect-pigo,54496,44,0,False
face-detect-pigo,6139,44,0,False
shasum,11678,11,0,False
business-strategy-generator,11586,13,0,False
face-blur,12267,44,0,False
qrcode-go,15618,12,0,False
business-strategy-generator,27580,14,0,False
face-detect-pigo,29887,44,0,False
shasum,30317,11,0,False
face-blur,39796,44,0,False
qrcode-go,47471,12,0,False
face-blur,21955,44,0,False
business-strategy-generator,26354,14,0,False
face-detect-pigo,26375,44,0,False
qrcode-go,49830,12,0,False
shasum,58335,12,0,False
business-strategy-generator,38063,14,0,False
qrcode-go,41006,12,0,False
face-detect-pigo,55977,44,0,False
face-blur,54271,44,0,False
shasum,57181,12,0,False
shasum,30412,12,0,False
business-strategy-generator,39038,14,0,False
face-detect-pigo,41559,44,0,False
qrcode-go,51737,12,0,False
face-blur,53554,44,0,False
business-strategy-generator,34161,14,0,False
face-detect-pigo,42078,43,0,False
face-blur,55553,43,0,False
shasum,61200,12,0,False
qrcode-go,58438,12,0,False
business-strategy-generator,13425,14,0,False
shasum,20966,12,0,False
qrcode-go,29451,12,0,False
face-detect-pigo,29623,44,0,False
face-blur,32695,44,0,False
face-detect-pigo,27440,44,0,False
business-strategy-generator,46586,14,0,False
shasum,54291,12,0,False
qrcode-go,60926,12,0,False
face-blur,66355,43,0,False
shasum,9303,12,0,False
face-blur,31516,44,0,False
business-strategy-generator,42513,14,0,False
qrcode-go,51330,11,0,False
face-detect-pigo,55484,44,0,False
business-strategy-generator,26192,14,0,False
qrcode-go,46750,11,0,False
shasum,75869,12,0,False
face-detect-pigo,88553,44,0,False
face-blur,97863,44,0,False
qrcode-go,12994,11,0,False
shasum,13866,12,0,False
business-strategy-generator,20868,14,0,False
face-blur,22214,44,0,False
face-detect-pigo,23340,44,0,False
face-detect-pigo,17445,44,0,False
qrcode-go,21240,12,0,False
shasum,42822,12,0,False
business-strategy-generator,47133,14,0,False
face-blur,44663,43,0,False
shasum,11539,12,0,False
face-blur,21646,44,0,False
business-strategy-generator,38835,14,0,False
qrcode-go,45201,12,0,False
face-detect-pigo,55536,44,0,False
shasum,16201,12,0,False
face-blur,30894,43,0,False
face-detect-pigo,40744,44,0,False
qrcode-go,42198,11,0,False
business-strategy-generator,51112,14,0,False
face-blur,23120,43,0,False
qrcode-go,30591,12,0,False
face-detect-pigo,31577,44,0,False
shasum,48852,11,0,False
business-strategy-generator,56686,13,0,False
business-strategy-generator,20917,15,0,False
qrcode-go,32631,12,0,False
shasum,40314,11,0,False
face-blur,49139,44,0,False
face-detect-pigo,57893,44,0,False
face-detect-pigo,34621,44,0,False
face-blur,47036,44,0,False
business-strategy-generator,62819,15,0,False
shasum,85856,12,0,False
qrcode-go,86025,12,0,False
business-strategy-generator,17112,15,0,False
qrcode-go,18021,11,0,False
face-blur,17559,43,0,False
face-detect-pigo,26026,44,0,False
shasum,22091,12,0,False
face-blur,5861,44,0,False
shasum,10162,12,0,False
business-strategy-generator,11666,15,0,False
qrcode-go,15936,12,0,False
face-detect-pigo,16386,44,0,False
face-blur,11650,44,0,False
shasum,23553,12,0,False
face-detect-pigo,25234,44,0,False
business-strategy-generator,43658,15,0,False
qrcode-go,46599,12,0,False
face-blur,38031,44,0,False
qrcode-go,49439,11,0,False
face-detect-pigo,53503,44,0,False
business-strategy-generator,62127,15,0,False
shasum,65762,11,0,False
face-blur,8333,43,0,False
business-strategy-generator,29650,15,0,False
shasum,37140,12,0,False
qrcode-go,36338,12,0,False
face-detect-pigo,46284,44,0,False
face-detect-pigo,34140,43,0,False
face-blur,41613,43,0,False
shasum,58990,12,0,False
qrcode-go,74589,12,0,False
business-strategy-generator,81468,14,0,False
qrcode-go,29268,12,0,False
business-strategy-generator,37474,15,0,False
face-blur,67222,44,0,False
shasum,69088,12,0,False
face-detect-pigo,72041,44,0,False
shasum,20432,12,0,False
face-blur,23901,44,0,False
face-detect-pigo,26465,44,0,False
qrcode-go,27677,12,0,False
business-strategy-generator,30705,15,0,False
face-blur,82,44,0,False
shasum,20929,12,0,False
face-detect-pigo,24526,44,0,False
qrcode-go,43685,12,0,False
business-strategy-generator,53112,15,0,False
face-blur,43205,44,0,False
business-strategy-generator,42415,15,0,False
qrcode-go,65836,12,0,False
face-detect-pigo,82719,43,0,False
face-blur,23,43,0,False
shasum,85501,12,0,False
qrcode-go,16280,11,0,False
shasum,17072,12,0,False
face-detect-pigo,17633,44,0,False
business-strategy-generator,18894,15,0,False
face-blur,55,44,0,False
shasum,19471,12,0,False
qrcode-go,18778,12,0,False
business-strategy-generator,25617,14,0,False
face-detect-pigo,30644,44,0,False
business-strategy-generator,30548,15,0,False
qrcode-go,35683,12,0,False
shasum,38952,12,0,False
face-detect-pigo,44455,44,0,False
face-blur,55102,44,0,False
face-blur,89,44,0,False
face-detect-pigo,26295,43,0,False
qrcode-go,38812,12,0,False
business-strategy-generator,37828,15,0,False
shasum,48839,12,0,False
face-detect-pigo,25526,43,0,False
business-strategy-generator,34571,15,0,False
shasum,63773,12,0,False
face-blur,74679,44,0,False
qrcode-go,85579,12,0,False
face-blur,43,44,0,False
qrcode-go,40817,12,0,False
business-strategy-generator,44531,15,0,False
shasum,48136,12,0,False
face-detect-pigo,58300,44,0,False
qrcode-go,24317,12,0,False
business-strategy-generator,45775,15,0,False
face-detect-pigo,54625,44,0,False
shasum,62321,12,0,False
face-blur,63373,44,0,False
shasum,26275,11,0,False
business-strategy-generator,45708,15,0,False
face-detect-pigo,54182,43,0,False
qrcode-go,61221,12,0,False
face-blur,67134,43,0,False
business-strategy-generator,36730,15,0,False
face-detect-pigo,44924,44,0,False
shasum,51375,12,0,False
face-blur,50906,44,0,False
qrcode-go,63026,11,0,False
shasum,43568,12,0,False
face-detect-pigo,51031,44,0,False
face-blur,56619,44,0,False
business-strategy-generator,70770,15,0,False
qrcode-go,70869,12,0,False
face-detect-pigo,32942,44,0,False
qrcode-go,69788,12,0,False
shasum,72904,12,0,False
face-blur,73285,44,0,False
business-strategy-generator,78477,14,0,False
face-blur,4948,44,0,False
shasum,7899,12,0,False
business-strategy-generator,11185,15,0,False
face-detect-pigo,13766,44,0,False
qrcode-go,19148,12,0,False
face-detect-pigo,19207,44,0,False
face-blur,28910,44,0,False
shasum,46677,12,0,False
business-strategy-generator,64790,15,0,False
qrcode-go,72844,12,0,False
qrcode-go,27007,11,0,False
business-strategy-generator,40148,15,0,False
face-blur,41754,44,0,False
face-detect-pigo,59029,44,0,False
shasum,58506,12,0,False
business-strategy-generator,34185,15,0,False
face-blur,40273,44,0,False
qrcode-go,53798,12,0,False
face-detect-pigo,64406,44,0,False
shasum,69853,12,0,False
qrcode-go,15169,11,0,False
business-strategy-generator,19209,14,0,False
shasum,18663,12,0,False
face-blur,22899,44,0,False
face-detect-pigo,24003,44,0,False
business-strategy-generator,20816,15,0,False
shasum,55675,12,0,False
face-detect-pigo,73521,44,0,False
face-blur,77097,44,0,False
qrcode-go,85154,12,0,False
face-blur,34195,43,0,False
face-detect-pigo,47103,43,0,False
shasum,53697,12,0,False
business-strategy-generator,66670,15,0,False
qrcode-go,73713,12,0,False
qrcode-go,33,12,0,False
face-blur,32,44,0,False
shasum,6356,12,0,False
business-strategy-generator,29399,15,0,False
face-detect-pigo,36155,44,0,False
qrcode-go,73,12,0,False
face-blur,154,43,0,False
face-detect-pigo,45167,44,0,False
shasum,64716,12,0,False
business-strategy-generator,73221,15,0,False
qrcode-go,56,12,0,False
face-blur,45,44,0,False
face-detect-pigo,52274,44,0,False
shasum,61208,11,0,False
business-strategy-generator,64927,14,0,False
face-blur,614,44,0,False
qrcode-go,10544,12,0,False
business-strategy-generator,12422,14,0,False
shasum,13981,12,0,False
face-detect-pigo,21674,44,0,False
face-blur,80,44,0,False
qrcode-go,81,12,0,False
face-detect-pigo,19857,44,0,False
business-strategy-generator,20085,15,0,False
shasum,31081,12,0,False
qrcode-go,42,12,0,False
face-blur,22,43,0,False
business-strategy-generator,22033,14,0,False
face-detect-pigo,44563,44,0,False
shasum,52220,12,0,False
qrcode-go,137,11,0,False
face-detect-pigo,25974,44,0,False
face-blur,25223,43,0,False
business-strategy-generator,45953,15,0,False
shasum,56133,12,0,False
face-blur,38,44,0,False
face-detect-pigo,38871,44,0,False
shasum,44077,11,0,False
qrcode-go,44762,11,0,False
business-strategy-generator,64461,14,0,False
qrcode-go,148,12,0,False
face-blur,35,44,0,False
face-detect-pigo,46020,44,0,False
shasum,49393,12,0,False
business-strategy-generator,52668,14,0,False
face-blur,142,44,0,False
shasum,38463,12,0,False
face-detect-pigo,43557,44,0,False
qrcode-go,49470,12,0,False
business-strategy-generator,59935,15,0,False
